epoch	learning_rate	train_loss	val_loss	val_mae	val_mse
000	0.000317	  6.2914	  5.9759	  9.4687	292.8172
001	0.000533	  6.2915	  5.9759	  9.4562	292.8204
002	0.001000	  6.2916	  5.9763	  9.4580	292.8383
